,sepal_length,sepal_width,petal_length,petal_width
count,150.0,150.0,150.0,150.0
mean,5.830018148592995,3.088958190479349,3.7276479054930873,1.1824996621113522
std,0.7167859623393937,0.47996529818410744,1.7648261309839994,0.7294509454810788
min,4.4825173033714005,2.019164880190999,0.26871980107782023,-0.08788671548215182
25%,5.1077981730666915,2.714998842098468,1.7429196658890058,0.3918628130108406
50%,5.952505179832253,3.0488040287114275,4.330630422126081,1.3028556806052372
75%,6.4067573869267775,3.4088534141591214,5.204767977588681,1.8627903281842975
max,7.2212617737086955,4.485296844994115,6.947073979973961,2.3860177858267475
