k,Inertia,Silhouette_Score,ARI_Score
2,10.470837137822128,0.6361617199073216,
3,7.011585011075304,0.47140309465984254,0.97993200471804
4,6.015675500028876,0.4378606541461243,
5,5.297893278091022,0.3046437937879198,
6,4.74877455075237,0.2575333197482387,
7,4.386968146276242,0.25332597979492844,
8,4.066261954156919,0.24554514892920792,
9,3.720650278350857,0.2575363876257015,
10,3.464202578115363,0.27163635998917235,
